idClient,clientFirstName,clientLastName,countryCode
0,Everett,Wrzesinski,RUS
1,Jame,Obrist,BEL
2,Noble,Vanderloo,BEL
3,Collin,Cheese,RUS
4,Dong,Rader,BEL
5,Delbert,Areias,BEL
6,Pablo,Laverdure,BEL
7,Dee,Moes,BEL
8,Genaro,Whapham,RUS
9,Thomas,Molacek,BEL
10,Carmelo,Fassinger,RUS
11,Alfonzo,Durousseau,RUS
12,Timmy,Kincey,RUS
13,Isiah,Casolary,KAZ
14,Rufus,Ginocchio,BEL
15,Terry,Uriegas,BEL
16,Jerold,Ercole,KAZ
17,Shirley,Jaster,RUS
18,Bradly,Calk,RUS
19,Donovan,Neibert,RUS
20,Mauricio,Mulliniks,RUS
21,Arron,Rock,KAZ
22,Jackie,Willmore,KAZ
23,Nelson,Perin,RUS
24,Harold,Stoltenburg,BEL
25,Virgilio,Heppeard,BEL
26,Bradley,Garcia,BEL
27,Jackie,Trame,BEL
28,Al,Sconiers,KAZ
29,Lewis,Lichtenberg,RUS
30,Timothy,Skillom,RUS
31,Willian,Freet,KAZ
32,Porfirio,Sorin,KAZ
33,Elijah,Balthazar,RUS
34,Lance,Patzke,BEL
35,Graham,Zwolak,RUS
36,Pasquale,Rennie,BEL
37,Christopher,Reyers,RUS
38,Lloyd,Whiles,BEL
39,Gavin,Reda,RUS
40,Leon,Kreutzbender,BEL
41,Ernesto,Delaurie,KAZ
42,Cliff,Langhorst,BEL
43,Gustavo,Kerne,KAZ
44,Danilo,Koren,RUS
45,Woodrow,Fuchs,KAZ
46,Sebastian,Humphrys,KAZ
47,Marcelino,Zaczek,BEL
48,Damon,Nahas,BEL
49,Jewell,Unsicker,BEL
50,Fletcher,Raimo,RUS
51,Irving,Vanhoozer,KAZ
52,Rigoberto,Eike,KAZ
53,Darrell,Bentivegna,BEL
54,Donn,Namisnak,BEL
55,Jerrod,Depner,RUS
56,Jarod,Pichon,BEL
57,Rob,Piano,BEL
58,Mason,Grueninger,KAZ
59,Barton,Steiskal,KAZ
60,Larry,Sapper,KAZ
61,Gayle,Stassen,BEL
62,Joan,Gehlhausen,RUS
63,Ned,Piano,BEL
64,Carmelo,Stroub,RUS
65,Erin,Darrigo,RUS
66,Kennith,Fetchko,BEL
67,Denny,Madueno,RUS
68,Delbert,Bandy,BEL
69,Marion,Krol,KAZ
70,Wilburn,Yovan,BEL
71,Erich,Solares,KAZ
72,Alfred,Czosek,KAZ
73,Virgil,Oberdick,BEL
74,Harland,Munhall,KAZ
75,Michale,Nail,KAZ
76,Devon,Burmaster,KAZ
77,Kieth,Shiverdecker,BEL
78,Lanny,Nanasy,KAZ
79,Collin,Horstman,KAZ
80,Asa,Hamberry,KAZ
81,Buford,Tann,RUS
82,Chester,Szocki,KAZ
83,Newton,Pellitteri,RUS
84,Abraham,Clubs,KAZ
85,Gale,Rosentrance,BEL
86,Freeman,Beachell,KAZ
87,Andrea,Laffey,BEL
88,Michael,Filipovic,BEL
89,Del,Hoffer,RUS
90,Shane,Willmore,BEL
91,Kerry,Helmich,KAZ
92,Vincent,Hevron,KAZ
93,Dana,Mastrocola,RUS
94,Lenard,Asai,BEL
95,Shirley,Carriere,BEL
96,Johnnie,Beyrer,RUS
97,Franklin,Shaddox,BEL
98,Melvin,Code,RUS
99,Mack,Heap,RUS
